test_index,mean_spearman_correlation
217,0.18860617698831808
258,0.14888248786472502
15,0.3734410839067584
293,0.2635408331999786
17,0.3146210060276311
329,0.1900144023043687
