method,accuracy,ece,brier_score
Single-pass,0.7014492753623188,0.15576167313948922,0.4486842104726355
MC-Dropout (mean),0.6811594202898551,0.16842502731343978,0.46776860505465057
